,locator_address,coord
0,"2107 s 12th st, tacoma, wa 98405 Tacoma WA 98405","(47.25000325, -122.46471174999999)"
1,"209 e 4th street, suite b, sprague, wa 99032 Sprague WA 99032","(47.2980004, -117.9742945)"
2,"209 e 4th street, suite b,sprague,washington 99032 Sprague WA 99032","(47.2980004, -117.9742945)"
3,"1875 1st st., cheney, washington 99004 Cheney WA 99004","(47.49860884210526, -117.56455810526316)"
4,"1875 first st., cheney, washington 99004 Cheney WA 99004","(47.50123038158706, -117.59541278846923)"
5,"17517 15th ave ne #202, shoreline, wa 98155 Shoreline WA 98155","(47.744970300890834, -122.30533504630053)"
6,"1637 east 72nd street, tacoma, wa 98404 Tacoma WA 98404","(47.04373087546614, -122.41077667967669)"
7,"524 e. 8th street, port angeles, washington 98362 Port angeles WA 98362","(48.10935134644727, -123.43045568917248)"
8,"11220 pacific ave south, tacoma, wa 98444 Tacoma WA 98444","(47.1789437, -122.4340722)"
9,"15015 hwy 99 suite a, lynnwood, wa 98087 Lynnwood WA 98087","(47.862066494970136, -122.28379524628642)"
10,"16053 aurora ave n suite b, seattle, wa 98133 Seattle WA 98133","(47.7170604, -122.34488)"
11,"9509 rainier ave s, seattle, wa 98118 Seattle WA 98118","(47.5201151, -122.2610895)"
12,"10522 lake city way ne c103, seattle, wa 98125 Seattle WA 98125","(47.71614337097611, -122.30203767820251)"
13,"7226 martin way e., olympia, washington 98516 Olympia WA 98516","(47.0477825, -122.8360762)"
14,"15915b state hwy 305 ne, poulsbo, wa 98370 Poulsbo WA 98370","(47.74718970134561, -122.64009809309646)"
15,"816 72nd st e, tacoma, wa 98404 Tacoma WA 98404","(47.19170944444444, -122.42066303030303)"
16,"delivery only, seattle, wa 98032 Seattle WA 98032","(47.386826391495575, -122.26634263052406)"
17,"828 rainier ave s, seattle, wa 98144 Seattle WA 98144","(47.5949732, -122.310322)"
18,"21837 old hw 99 sw, centralia, wa 98531 Centralia WA 98531","(46.77283187364462, -122.99069734861841)"
19,"1506 n pines spokane valley, spokane valley, wa 99206 Spokane valley WA 99206","(47.661473125258276, -117.26018234712633)"
20,"955 west broadway ave, moses lake, wa 98837 Moses lake WA 98837","(47.1259713877551, -119.28886497959184)"
21,"955 west broadway ave,moses lake,washington 98837 Moses lake WA 98837","(47.1259713877551, -119.28886497959184)"
22,"delivery, east & west vancouver, camas, washougal, salmon creek, battleground & surrounding clartk county areas, wa 98683 East & west vancouver, camas, washougal, salmon creek, battleground & surrounding clartk county areas WA 98683","(45.610347242273285, -122.50616319245927)"
23,"2224 2nd ave., seattle, wa 98121 Seattle WA 98121","(47.6139426, -122.3450309)"
24,"2518 meridian street, bellingham, washington 98225 Bellingham WA 98225","(48.763447408163266, -122.4859731632653)"
25,"1315 11th st, bellingham, wa 98225 Bellingham WA 98225","(48.719928714285714, -122.50325557142857)"
26,"4231 olympic dr,, bremerton, wa 98312 Bremerton WA 98312","(47.56745209053411, -122.68850843661714)"
27,"., vancouver, wa . Vancouver WA 98662","(45.6594948, -122.5792593)"
28,"delivery only, vancouver, wa . Vancouver WA 98662","(45.6656040250539, -122.57687915382277)"
29,"5127 s.e. mile hill dr, port orchard, wa 98366 Port orchard WA 98366","(47.52308098794517, -122.61422153263615)"
30,"11463 rainer ave south, seattle, wa 98178 Seattle WA 98178","(47.4986383434726, -122.2476408426858)"
31,"11463 rainer ave south,seattle,washington 98178 Seattle WA 98178","(47.4986383434726, -122.2476408426858)"
32,"5709 lacey blvd se ste 204, lacey, wa 98503 Lacey WA 98503","(47.0353803, -122.80959625)"
33,"2706 6th ave, north tacoma, wa 98406 North tacoma WA 98406","(47.25535793877551, -122.47158702040817)"
34,"2705 hartford dr ne, lake stevens, wa 98258 Lake stevens WA 98258","(48.0160187, -122.0629933)"
35,"2747 pacific ave se, olympia, wa 98501 Olympia WA 98501","(47.04367463552068, -122.86262520855598)"
36,"933 e. johns prairie rd, shelton, wa 98584 Shelton WA 98584","(47.24292569113432, -123.09906606470169)"
37,"4915 center street suite d, tacoma, wa 98409 Tacoma WA 98409","(47.2347321, -122.5034473)"
38,"delivery only, lynwood, wa 98087 Lynwood WA 98087","(47.85635150255282, -122.27080225830082)"
39,"delivery only, seattle, wa 98101 Seattle WA 98101","(47.61076178616133, -122.33619032583957)"
40,"delivery only, port angeles, washington 98363 Port angeles WA 98363","(48.11017294993325, -123.56509511481154)"
41,"delivery ***new lower prices***, vancouver, wa 98665 Vancouver WA 98665","(45.68492405562117, -122.65315889095695)"
42,"delivery only, vancouver, wa 98665 Vancouver WA 98665","(45.68492405562117, -122.65315889095695)"
43,"1912 center street, tacoma, washington 98409 Tacoma WA 98409","(47.23377212244898, -122.46182985714286)"
44,"5402 pacific hwy east, fife, wa 98424 Fife WA 98424","(47.242544800000005, -122.356282)"
45,"16204 se 272nd street, covington, wa 98042 Covington WA 98042","(47.3584731, -122.12548686464638)"
46,"7826 n market st. suite e, spokane, washington 99217 Spokane WA 99217","(47.72847263956602, -117.3645259066546)"
47,"delivery service, greater eastside, wa 98005 Greater eastside WA 98005","(47.612287522369996, -122.16555016118686)"
48,"delivery only, greater eastside, wa 98005 Greater eastside WA 98005","(47.612287522369996, -122.16555016118686)"
49,"282023 highway 101, port townsend, wa 98368 Port townsend WA 98368","(48.06970744786615, -122.75099135363173)"
50,"15029 aurora ave n., shoreline, wa 98133 Shoreline WA 98133","(47.73826829370629, -122.34544413286713)"
51,"223 n. 36th st, seattle, wa 98103 Seattle WA 98103","(47.6523428, -122.3556696)"
52,"1123 sleater-kinney rd se, lacey, wa 98503 Lacey WA 98503","(47.037474355704695, -122.83390081879195)"
53,"delivery service, east and north seattle area, wa 98006 East and north seattle area WA 98006","(47.56298645809294, -122.15835552422966)"
54,"953 east 3rd ave, spokane, wa 99202 Spokane WA 99202","(47.65367651515152, -117.39609266666668)"
55,"3161 elliott ave suite 102, downtown seattle, wa 98121 Downtown seattle WA 98121","(47.6183281, -122.3587045)"
56,"delivery, vancouver, washington 98665 Vancouver WA 98665","(45.68492405562117, -122.65315889095695)"
57,"delivery only, vancouver, washington 98665 Vancouver WA 98665","(45.68492405562117, -122.65315889095695)"
58,"21127 wa-9 se, woodinville, wa 98072 Woodinville WA 98072","(47.749414553262426, -122.14058721992338)"
59,"2716 pacific ave, olympia, washington 98501 Olympia WA 98501","(47.04377964204387, -122.86287163290697)"
60,"1405 ne mcwilliams rd suite 103, bremerton, wa 98311 Bremerton WA 98311","(47.62127304419522, -122.63106254488703)"
61,"2225 e. sprague suite 1, spokane, wa 99202 Spokane WA 99202","(47.2762068, -117.9558081)"
62,"7824 river road e. suite e, puyallup, washington 98371 Puyallup WA 98371","(47.20763115151515, -122.32534372727272)"
63,"delivery only, spokane, wa 99205 Spokane WA 99205","(47.69213698062443, -117.42830359275209)"
64,"316 north 36th st, seattle, wa 98103 Seattle WA 98103","(47.6524507, -122.3547339)"
65,"delivery only, des moines, wa 98198 Des moines WA 98198","(47.39281135690939, -122.31328426395451)"
66,"clark county, vancouver, wa 98665 Vancouver WA 98665","(45.6507517, -122.6518936)"
67,", vancouver, wa 98665 Vancouver WA 98665","(45.6306954, -122.6744557)"
68,"12001 aurora ave n, seattle, wa 98133 Seattle WA 98133","(47.7160624, -122.34535570049114)"
69,"17869 state route 536, mount vernon, wa 98273 Mount vernon WA 98273","(48.42588627921385, -122.3581867334976)"
70,"21911 64th ave w suite d, mountlake terrace, wa 98043 Mountlake terrace WA 98043","(47.80050790775507, -122.31905933842567)"
71,"deliveries only, issaquah, wa 98027 Issaquah WA 98027","(47.47320587990667, -122.02230345087258)"
72,"delivery only, issaquah, wa 98027 Issaquah WA 98027","(47.47320587990667, -122.02230345087258)"
73,"9506 canyon rd., puyallup, wa 98371 Puyallup WA 98371","(47.169075, -122.282067)"
74,"5384 rd. k nw, quincy, wa 98848 Quincy WA 98848","(47.16675744074764, -119.80901512162599)"
75,"2200 pacific street, bellingham, wa 98229 Bellingham WA 98229","(48.758985, -122.456091)"
76,"none, delivery only, wa 98031 Delivery only WA 98031","(47.40528573682642, -122.1924794204148)"
77,"3014 6th ave., tacoma, wa 98406 Tacoma WA 98406","(47.25518314285714, -122.47514142857142)"
78,"delivery only, vancouver, wa 98660 Vancouver WA 98660","(45.632738041070986, -122.6779446635986)"
79,"delivery only, vancouver, wa 98686 Vancouver WA 98686","(45.712717960223166, -122.6265168824602)"
80,"11463 rainier ave south, seattle, wa 98178 Seattle WA 98178","(47.4994948, -122.2212081)"
81,"989 112th ave ne, bellevue, kirkland, juanita, bothell, woodinville, redmond, sammamish, duvall, issaquah, renton, seattle, kent, wa 98004 Bellevue, kirkland, juanita, bothell, woodinville, redmond, sammamish, duvall, issaquah, renton, seattle, kent WA 98004","(47.62566512710645, -122.20357270879583)"
82,"deliveries only, seattle, wa 98108 Seattle WA 98108","(47.54743730727445, -122.3106638562128)"
83,"6504 green mountain road, woodland, wa 98674 Woodland WA 98674","(45.94013963845451, -122.74725649359426)"
84,"333a e. first st., port angeles, wa 98362 Port angeles WA 98362","(48.109934345053915, -123.40910237349117)"
85,"meridian ave. south & 224th st. east, graham, wa 98338 Graham WA 98338","(47.05654794139772, -122.29125304659459)"
86,"delivery only, vancouver, washington 98660 Vancouver WA 98660","(45.632738041070986, -122.6779446635986)"
87,"delivery only, vancouver, washington 98661 Vancouver WA 98661","(45.63754405764946, -122.63391088033092)"
88,"delivery only, vancouver, washington 98684 Vancouver WA 98684","(45.624026524148015, -122.54050222219021)"
89,"delivery only, vancouver, washington 98686 Vancouver WA 98686","(45.712717960223166, -122.6265168824602)"
90,"15941 meridian east, puyallup, wa 98375 Puyallup WA 98375","(47.1578319, -122.2929973)"
91,"160 nw gilman blvd, suite i, issaquah, wa 98027 Issaquah WA 98027","(47.5390485, -122.0384057244898)"
92,"11064 lake city way ne #6, north seattle, wa 98125 North seattle WA 98125","(47.71614337097611, -122.30203767820251)"
93,"4500 9th ave ne, seattle, wa 98105 Seattle WA 98105","(47.661746, -122.3181125)"
94,"11736 aurora ave n, north seattle, wa 98133 North seattle WA 98133","(47.715168399999996, -122.34403457457081)"
95,"14510 state route 2, snohomish, wa 98290 Snohomish WA 98290","(47.9352574118686, -122.06468910914757)"
96,"3014 gs center rd., wenatchee, wa 98801 Wenatchee WA 98801","(47.434009278347006, -120.34112276478336)"
97,"9626 32nd st. se, lake stevens, wa 98258 Lake stevens WA 98258","(47.96721786382875, -122.10182116380446)"
98,"430 carpenter road se suite a., lacey, wa 98503 Lacey WA 98503","(47.048462711162806, -122.79648225843823)"
99,"2118 james street, bellingham, wa 98225 Bellingham WA 98225","(48.75808134693878, -122.4647964489796)"
100,"delivery, yakima, wa 98903 Yakima WA 98903","(46.56616569520277, -120.51800617303188)"
101,"3130 n. division st., spokane, washington 99207 Spokane WA 99207","(47.68742903448276, -117.4109556091954)"
102,"12928 e indiana ave suite 1, spokane valley, washington 99216 Spokane valley WA 99216","(47.675691608721074, -117.23176081948033)"
103,"3812 n monroe st, spokane, wa 99205 Spokane WA 99205","(47.69275863086422, -117.4257835273827)"
104,"3062 sw hwy 16 suite a, port orchard, wa 98367 Port orchard WA 98367","(-33.9632147, 119.9231422)"
105,"19011 68th ave s. ste a-110, tukwila, wa 98188 Tukwila WA 98188","(47.4317168, -122.2494377)"
106,"23128 state route 9 se, #2, woodinville, wa 98072 Woodinville WA 98072","(47.749414553262426, -122.14058721992338)"
107,"217 174th st s, spanaway, washington 98387 Spanaway WA 98387","(47.099389, -122.43527092307693)"
108,"delivery only, puyallup, wa 98373 Puyallup WA 98373","(47.148495009859595, -122.30967768622351)"
109,"510 1/2 112th st s, tacoma, washington 98444 Tacoma WA 98444","(47.144166711098435, -122.43904431285577)"
110,"1120 112th st sw, everett, wa 98204 Everett WA 98204","(47.896365, -122.24893017453766)"
111,"14702 hwy 99, lynnwood, wa 98087 Lynnwood WA 98087","(47.8479246, -122.2941206)"
112,"14702 hwy 99,lynnwood,washington 98087 Lynnwood WA 98087","(47.8479246, -122.2941206)"
113,"delivery mercer island, mercer island, wa 98040 Mercer island WA 98040","(47.57542637850638, -122.22844220647241)"
114,"6708 144th st nw suite a, gig harbor, wa 98332 Gig harbor WA 98332","(47.38896081159457, -122.6284832692298)"
115,"39817 n newport hwy, elk, wa 99009 Elk WA 99009","(47.96433780079796, -117.25398482465663)"
116,"3228 hwy 101 e, port angeles, wa 98362 Port angeles WA 98362","(48.109934345053915, -123.40910237349117)"
117,"vancouver delivery, vancouver, washington 98664 Vancouver WA 98664","(45.623032859558556, -122.5710713099691)"
118,"delivery only, vancouver, washington 98664 Vancouver WA 98664","(45.623032859558556, -122.5710713099691)"
119,"1212 n grand pullman, pullman, wa 99163 Pullman WA 99163","(46.74695056257446, -117.18428184232538)"
120,"1212 n grand pullman,pullman,washington 99163 Pullman WA 99163","(46.74695056257446, -117.18428184232538)"
121,"19001 vashon hwy sw, vashon, wa 98070 Vashon WA 98070","(47.43467351758794, -122.46061103015076)"
122,"19001 vashon hwy sw,vashon,washington 98070 Vashon WA 98070","(47.43467351758794, -122.46061103015076)"
123,"7604 south tacoma way ste b, tacoma, wa 98409 Tacoma WA 98409","(47.188001, -122.483795)"
124,"3904 ne 4th st. #103, renton, wa 98056 Renton WA 98056","(47.50900781229799, -122.18371623140865)"
125,"1716 n ash st, spokane, wa 99205 Spokane WA 99205","(47.673274959727884, -117.436882)"
126,"909 e francis, spokane, wa 99208 Spokane WA 99208","(47.7150896941938, -117.42452114808798)"
127,"4503 ocean beach hwy, longview, wa 98632 Longview WA 98632","(46.162756271527755, -122.9981648141596)"
128,"810-a westside highway, kelso, wa 98626 Kelso WA 98626","(46.1572769, -122.9157064)"
129,"delivery only, marysville, wa 98270 Marysville WA 98270","(48.05993149987965, -122.14620976665768)"
130,"jackson highway, chehalis, wa 98532 Chehalis WA 98532","(46.6279083, -122.9061901)"
131,"delivery only, chehalis, wa 98532 Chehalis WA 98532","(46.635550834470806, -122.78623883532111)"
132,"deliveries only, lynnwood, mountlake terrace, edmonds, bothell, seattle, wa 98036, 98043, 98020, 98026, 98021, 98133, 98177 Lynnwood, mountlake terrace, edmonds, bothell, seattle WA 98036","(47.816390999013834, -122.2977182025082)"
133,"snohomish county, washington, everett, lynnwood, mill creek, snohomish, wa 98204, 98208, 98201, 98205, 98203, 98037, 98087, 98012 Everett, lynnwood, mill creek, snohomish WA 98204","(47.89748163390665, -122.25369420012953)"
134,"delivery only, bellevue, kirkland, juanita, bothell, woodinville, redmond, sammamish, duvall, issaquah, wa 98004, 98034, 98033, 98072 Bellevue, kirkland, juanita, bothell, woodinville, redmond, sammamish, duvall, issaquah WA 98004","(47.62566512710645, -122.20357270879583)"
135,"delivery only, bellevue, wa 98004 Bellevue WA 98004","(47.62566512710645, -122.20357270879583)"
136,"15804 hwy 99 suite a, lynnwood, wa 98087 Lynnwood WA 98087","(47.8552774911027, -122.29040562357478)"
137,"11012 canyon rd. e. suite 43, puyallup, wa 98373 Puyallup WA 98373","(47.155836, -122.35915369036005)"
138,"10217 128th st e, suite e, puyallup, wa 98374 Puyallup WA 98374","(47.14021211200006, -122.28991882934626)"
139,"2870 ocean drive (mile post 56), raymond, washington 98577 Raymond WA 98577","(46.67555097896951, -123.71325288658356)"
140,"5021 mud bay rd nw, olympia, wa 98502 Olympia WA 98502","(47.1131042806811, -122.93188091177248)"
141,"6020 pacific ave se ste m, lacey, wa 98503 Lacey WA 98503","(47.037505372224786, -122.80192553594097)"
142,"medical delivery only, vancouver, wa 98661 Vancouver WA 98661","(45.63754405764946, -122.63391088033092)"
143,"delivery only, vancouver, wa 98661 Vancouver WA 98661","(45.63754405764946, -122.63391088033092)"
144,"4701 roosevelt way ne suite b, seattle, wa 98105 Seattle WA 98105","(47.6633074, -122.3177243)"
145,"14806 pacific avenue south suite c, tacoma, wa 98444 Tacoma WA 98444","(47.123487697986576, -122.43497604026845)"
146,"3833 pacific ave suite c, tacoma, wa 98418 Tacoma WA 98418","(47.221817400000006, -122.43345249999999)"
147,"136 stewart road, pacific, wa 98047 Pacific WA 98047","(-34.47077845, -58.71807635314515)"
148,"14040 aurora ave. north, seattle, wa 98133 Seattle WA 98133","(47.7317082, -122.344671)"
149,"3867 rainier ave south, seattle, wa 98118 Seattle WA 98118","(47.568107049999995, -122.28969149725876)"
150,"10861 1st ave s, seattle, wa 98168 Seattle WA 98168","(47.5050878, -122.3339432)"
151,"5917 n. 26 st suite a, tacoma, washington 98407 Tacoma WA 98407","(47.279019784876034, -122.50541334388407)"
152,"4811 n. market, spokane, wa 99217 Spokane WA 99217","(47.70454335091529, -117.36691366336947)"
153,"4707 aurora ave n, seattle, wa 98103 Seattle WA 98103","(47.6631977, -122.3476046)"
154,"2210 black lake blvd. sw suite # g-1`, olympia, wa 98512 Olympia WA 98512","(47.0280132711232, -122.94896908381999)"
155,"1800 cooper point rd. sw bldg. #2, olympia, wa 98502 Olympia WA 98502","(47.1131042806811, -122.93188091177248)"
156,"32201 kent black diamond rd unit#4, auburn, wa 98092 Auburn WA 98092","(47.293919099038334, -122.17112030266307)"
157,"9300 kimmie rd sw, olympia, wa 98512 Olympia WA 98512","(47.01008369854929, -122.92665545865495)"
158,"delivery only, battle ground, wa 98604 Battle ground WA 98604","(45.788767542614046, -122.54084413984646)"
159,"delivery only, brush prairie, wa 98606 Brush prairie WA 98606","(45.74049048345654, -122.51760224832088)"
160,"delivery only, camas, wa 98607 Camas WA 98607","(45.58990284632299, -122.41144450626052)"
161,"delivery only, cascade park east, wa 98683 Cascade park east WA 98683","(45.610347242273285, -122.50616319245927)"
162,"delivery only, felida, wa 98685 Felida WA 98685","(45.70691376191553, -122.69657996891601)"
163,"delivery only, hazel dell, wa 98665 Hazel dell WA 98665","(45.68492405562117, -122.65315889095695)"
164,"delivery only, lake shore, wa 98665 Lake shore WA 98665","(45.68492405562117, -122.65315889095695)"
165,"delivery only, mill plain, wa 98683 Mill plain WA 98683","(45.610347242273285, -122.50616319245927)"
166,"delivery only, orchards, wa 98662 Orchards WA 98662","(45.6656040250539, -122.57687915382277)"
167,"delivery only, salmon creek, wa 98686 Salmon creek WA 98686","(45.712717960223166, -122.6265168824602)"
168,"delivery only, vancouver, wa 98662 Vancouver WA 98662","(45.6656040250539, -122.57687915382277)"
169,"234 division st., olympia, washington 98502 Olympia WA 98502","(47.04652848979592, -122.92573820408163)"
170,"20639 b old hwy 99 sw, centralia, wa 98531 Centralia WA 98531","(46.77283187364462, -122.99069734861841)"
171,"3700 ne 4th st. unit #201, renton, wa 98056 Renton WA 98056","(47.4888542, -122.16933)"
172,"1965 4th ave e, olympia, washington 98506 Olympia WA 98506","(47.04596317241379, -122.8737110689655)"
173,"256781 hwy 101, port angeles, wa 98362 Port angeles WA 98362","(48.115948599999996, -123.42730473982375)"
174,"5303 rainier ave s unit a, seattle, wa 98118 Seattle WA 98118","(47.5535399, -122.2804642)"
175,"136 stewart rd se # 1g, pacific, wa 98047 Pacific WA 98047","(47.506961950000004, -122.33209072350257)"
176,"deliveries only, pacific, wa 98047 Pacific WA 98047","(47.26426266306145, -122.24699158060943)"
177,"1202 a street south east, auburn, washington 98002 Auburn WA 98002","(47.29706491836735, -122.22876812244898)"
178,"delivery only, auburn, washington 98002 Auburn WA 98002","(47.305260412475555, -122.21562647099755)"
179,"deliveries only, graham, wa 98338 Graham WA 98338","(47.05654794139772, -122.29125304659459)"
180,"deliveries only, orting, wa 98360 Orting WA 98360","(47.10633749550944, -122.21432158847904)"
181,"deliveries only, puyallup, wa 98371 Puyallup WA 98371","(47.194935804691376, -122.30578051134404)"
182,"19815 mountain hwy e, spanaway, washington 98387 Spanaway WA 98387","(47.07713593959731, -122.42614655704698)"
183,"deliveries only, tacoma, wa 98409 Tacoma WA 98409","(47.210210212797605, -122.47578694141298)"
184,"deliveries only, tacoma, wa 98407 Tacoma WA 98407","(47.279019784876034, -122.50541334388407)"
185,"deliveries only, federal way, wa 98003 Federal way WA 98003","(47.31512474211252, -122.31224359522199)"
186,"delivery only, federal way, wa 98003 Federal way WA 98003","(47.31512474211252, -122.31224359522199)"
187,"deliveries only, kent, wa 98030 Kent WA 98030","(47.36955676716768, -122.19076573717007)"
188,"deliveries only, milton, wa 98354 Milton WA 98354","(47.26195796618399, -122.3062599836711)"
189,"delivery only, kent, wa 98030 Kent WA 98030","(47.36955676716768, -122.19076573717007)"
190,"6223 112th st e, puyallup, wa 98373 Puyallup WA 98373","(47.148495009859595, -122.30967768622351)"
191,"deliveries only, sumner, wa 98390 Sumner WA 98390","(47.26713006042786, -122.24413188283035)"
192,"4002 pacific ave, tacoma, wa 98418 Tacoma WA 98418","(47.220738859060404, -122.4341509194631)"
193,"8040 day road west building 3 unit 1, bainbridge island, wa 98110 Bainbridge island WA 98110","(47.63758707577442, -122.5252683702042)"
194,"none, asotin, wa 99164 Asotin WA 99164","(46.3283946, -117.1057163)"
195,"2570 ocean ave, raymond, wa 98577 Raymond WA 98577","(46.671096, -123.777056)"
196,"18325 e. appleway ave., spokane valley, washington 99016 Spokane valley WA 99016","(47.659468390377654, -117.15857822085948)"
197,"1628 a state route 105, grayland, washington 98547 Grayland WA 98547","(46.814826409770355, -124.09522650553151)"
198,"13224 hwy 99, everett, wa 98204 Everett WA 98204","(47.9040974, -122.244204)"
199,"5303 rainier ave s., seattle, wa 98118 Seattle WA 98118","(47.5535399, -122.2804642)"
200,"322 4th ave e, olympia, wa 98501 Olympia WA 98501","(47.04517954691123, -122.8988327476107)"
201,"17517 15th ave ne suite 201, shoreline, wa 98155 Shoreline WA 98155","(47.7562726, -122.31380722487248)"
202,"3230 1st ave south, seattle, wa 98134 Seattle WA 98134","(47.57459, -122.3338967)"
203,"4465 fremont ave n., seattle, wa 98103 Seattle WA 98103","(47.6612997, -122.3502889)"
204,"13760 aurora avenue north, seattle, washington 98133 Seattle WA 98133","(47.7303347, -122.3447629)"
205,"deliveries only, seattle, wa 98109 Seattle WA 98109","(47.633109457908255, -122.3487145642017)"
206,"delivery, seattle, wa 98103 Seattle WA 98103","(47.5674082, -122.322452)"
207,"delivery only, seattle, wa 98112 Seattle WA 98112","(47.629555403252056, -122.29843534506188)"
208,"deliveries only, spokane, wa 99208 Spokane WA 99208","(47.74573800171928, -117.48903754182808)"
209,"delivery only, spokane, wa 99208 Spokane WA 99208","(47.74573800171928, -117.48903754182808)"
210,"20291 hwy 20, burlington, wa 98284 Burlington WA 98284","(48.513621514927735, -122.23301970807314)"
211,"18820 aurora ave n. #206, shoreline, wa 98133 Shoreline WA 98133","(47.718027819925275, -122.34492832565802)"
212,"13507 meridian ave ste m, next to longston place regal cinemas, puyallup, wa 98373 Puyallup WA 98373","(47.1989145, -123.1104852)"
213,"2824 s. 252nd st., kent, wa 98032 Kent WA 98032","(47.376051000000004, -122.29694285)"
214,"1403 e. first st, port angeles, wa 98362 Port angeles WA 98362","(48.109934345053915, -123.40910237349117)"
215,"120 e. mission ave, spokane, washington 99202 Spokane WA 99202","(47.671567581397255, -117.40905749517408)"
216,"2315 e. john st., seattle, wa 98112 Seattle WA 98112","(47.6200419, -122.301849)"
217,"none, renton, wa 98057 Renton WA 98057","(47.4799078, -122.2034496)"
218,"delivery only, seattle, wa 98102 Seattle WA 98102","(47.63393284983062, -122.32210721095473)"
219,"none, seattle, wa 98101 Seattle WA 98101","(47.6038321, -122.3300624)"
220,"none, west seattle, wa 98116 West seattle WA 98116","(47.5709315, -122.3865166)"
221,"20985 old hwy 99 sw, centralia, wa 98531 Centralia WA 98531","(46.77283187364462, -122.99069734861841)"
222,"1781 old highway 99 north,, burlington, wa 98233 Burlington WA 98233","(48.47539749028095, -122.34725801907379)"
223,"4978 mile hill drive, port orchard, wa 98366 Port orchard WA 98366","(47.5340109, -122.6143618)"
224,"2839 nw kitsap place #a, silverdale, wa 98383 Silverdale WA 98383","(47.6564587755102, -122.68712628571429)"
225,"10625 suite b pacific ave s., tacoma, wa 98444 Tacoma WA 98444","(47.5078983, -122.35943953533773)"
226,"3908 6th ave ste b, tacoma, washington 98406 Tacoma WA 98406","(47.25521306122449, -122.4892597755102)"
227,"6532 pacific ave, tacoma, wa 98408 Tacoma WA 98408","(47.1975665959596, -122.43407996969697)"
228,"115 176th st, spanaway, wa 98387 Spanaway WA 98387","(47.097404562249, -122.43794512048193)"
229,"420 evergreen drive, north bonneville, wa 98639 North bonneville WA 98639","(45.64184435377156, -121.98262381975049)"
230,"1xx1 walnut street, everett, wa 98201 Everett WA 98201","(47.99189412884291, -122.20110547888821)"
231,"74 s. lucile st., south seattle, wa 98134 South seattle WA 98134","(47.57885680820459, -122.33296848136655)"
232,"deliveries only, vancouver, washington 98642 Vancouver WA 98642","(45.79398128456954, -122.70244563122787)"
233,"delivery only, portland, wa 98662 Portland WA 98662","(45.6656040250539, -122.57687915382277)"
234,"28114 n newport hwy unit a, chattaroy, washington 99003 Chattaroy WA 99003","(47.91319265, -117.34960035)"
235,"316 capitol way n, olympia, wa 98501 Olympia WA 98501","(47.046821816326535, -122.90183267346939)"
236,"none, north tacoma, wa 98409 North tacoma WA 98409","(47.210210212797605, -122.47578694141298)"
237,"none, south tacoma, wa 98409 South tacoma WA 98409","(47.203897049999995, -122.48558817729989)"
238,"824 s 28th street, tacoma, wa 98409 Tacoma WA 98409","(47.23518535225989, -122.44366703677845)"
239,"15011 meridian ave e. suite c, puyallup, washington 98375 Puyallup WA 98375","(47.2544095, -122.29382)"
240,"16510 state route 9 se, snohomish, wa 98296 Snohomish WA 98296","(48.236941, -122.157494)"
241,"5260 university way ne, seattle, wa 98105 Seattle WA 98105","(47.668221, -122.3128245)"
242,"4051 tacoma mall blvd, tacoma, wa 98409 Tacoma WA 98409","(47.22102509835564, -122.4667953549521)"
243,"deliveries only, sequim, wa 98382 Sequim WA 98382","(48.07987274184706, -123.10156578180343)"
244,"3401 n. division st. spokane, spokane, wa 99207 Spokane WA 99207","(47.68939336734694, -117.410957)"
245,"21110 meridian e #a, graham, wa 98338 Graham WA 98338","(47.05654794139772, -122.29125304659459)"
246,"1119 south m st, tacoma, washington 98405 Tacoma WA 98405","(47.251445000000004, -122.45440267346939)"
247,"2607 s tacoma way, tacoma, washington 98409 Tacoma WA 98409","(47.23039285714286, -122.47127928571427)"
248,"1207 s jackson st, ste. 109, south seattle, washington 98144 South seattle WA 98144","(47.5989017, -122.3166262)"
249,"4502 s union ave, tacoma, washington 98409 Tacoma WA 98409","(47.216633383838385, -122.48350596969698)"
250,"n/a, vancouver, wa 98663 Vancouver WA 98663","(45.6306954, -122.6744557)"
251,"delivery only, vancouver, wa 98663 Vancouver WA 98663","(45.64523517864489, -122.66484724255224)"
252,"deliveries only, vancouver, wa 98660 Vancouver WA 98660","(45.632738041070986, -122.6779446635986)"
253,"1730 newport way nw, issaquah, wa 98027 Issaquah WA 98027","(47.5308195, -122.0416235)"
254,"10532 greenwood ave north, seattle, wa 98133 Seattle WA 98133","(47.7060743, -122.3551407)"
255,"121 legion way sw, olympia, wa 98501 Olympia WA 98501","(47.04312191836735, -122.90178006122449)"
256,"117 legion way sw, olympia, wa 98501 Olympia WA 98501","(47.043124734693876, -122.90174344897959)"
257,"21127 state route 9 se, woodinville, wa 98072 Woodinville WA 98072","(47.749414553262426, -122.14058721992338)"
258,"none, pullman, wa 99163 Pullman WA 99163","(46.74695056257446, -117.18428184232538)"
259,"delivery only, pullman, wa 99163 Pullman WA 99163","(46.74695056257446, -117.18428184232538)"
260,"delivery only, spokane, wa 99201 Spokane WA 99201","(47.66154962443755, -117.4295410992644)"
261,"delivery only, lynnwood, wa 98087 Lynnwood WA 98087","(47.85635150255282, -122.27080225830082)"
262,"14626 highway 99 ste.103, lynnwood, wa 98087 Lynnwood WA 98087","(47.86584309360188, -122.28054843552565)"
263,"1863 s. montesano st, westport, wa 98595 Westport WA 98595","(46.86916996901904, -124.10343453062667)"
264,"1626 westside hwy., kelso, wa 98626 Kelso WA 98626","(46.1572769, -122.9157064)"
